Name,Created,Tags,URL,Updated
Memphis Dust,"May 18, 2023 10:40 AM","Meat, Seasoning, Smoked",,"May 18, 2023 10:42 AM"
Test Page,"May 7, 2023 4:53 PM",,,"May 7, 2023 4:53 PM"
Pommes Aligot,"May 7, 2023 3:31 PM",Sides,https://www.thekitchn.com/how-to-make-pommes-aligot-cheesy-whipped-potatoes-237559,"May 7, 2023 3:37 PM"
Mango Salsa,"April 11, 2023 4:00 PM",Salsa,,"April 11, 2023 4:01 PM"
Sticky Bums,"April 1, 2023 8:25 PM","Baking, Breakfast, Dessert",,"April 1, 2023 8:33 PM"
Tacos Campechanos,"March 28, 2023 3:35 PM","Meat, Smoked, Taco Tuesday",https://www.masterclass.com/articles/campechano-tacos-recipe,"March 28, 2023 3:38 PM"
Salsa Callejera,"March 28, 2023 2:53 PM","Salsa, Smoked, Taco Tuesday",https://patijinich.com/salsa-callejera/,"March 28, 2023 3:38 PM"
Roasted Potatoes,"February 12, 2023 9:09 PM",,,"February 12, 2023 9:12 PM"
Brisket,"December 11, 2022 9:45 AM","Beef, Meat, Smoked",,"December 20, 2022 4:14 PM"
Beef Bulgogi Tacos,"December 27, 2021 6:15 PM","Beef, Smoked, Taco Tuesday",,"March 6, 2023 10:58 PM"
Mashed Potatoes,"December 25, 2021 3:45 PM",,,"December 25, 2021 3:46 PM"
Birria,"December 21, 2021 12:28 PM",,,"December 21, 2021 12:31 PM"
Smoker Recipes,"December 21, 2021 12:26 PM",,,"December 21, 2021 12:33 PM"
Crispy Oven Baked Chicken Drumsticks,"March 18, 2019 6:03 PM",,,"March 18, 2019 6:05 PM"
Crispy Wings,"March 15, 2019 4:58 PM",,,"March 15, 2019 5:00 PM"
Rocky Mountain Elk Marinade,"November 19, 2014 5:58 AM",,,"November 19, 2014 5:58 AM"
Kiss cookies,"September 20, 2014 10:57 AM",,,"September 20, 2014 10:57 AM"
Reese's Pieces Peanut Butter Fluffernutter Cookies with Peanut Butter Buttercream,"January 27, 2014 7:30 AM",,http://www.averiecooks.com/2013/08/reeses-pieces-peanut-butter-fluffernutter-cookies-with-peanut-butter-buttercream.html,"January 27, 2014 7:34 AM"
Mom's Brownies,"January 11, 2014 12:56 PM",,,"December 20, 2014 9:06 PM"
Chocolate Kissed Gingerbread Cookies,"December 15, 2013 10:26 PM",,,"December 15, 2013 10:28 PM"
Snickerdoodles,"December 15, 2013 10:22 PM",,,"December 5, 2022 12:49 PM"
Double Chocolate Peppermint Surprise Cookies,"December 15, 2013 10:19 PM",,,"December 15, 2013 10:21 PM"
Egg Nog Cookies,"December 15, 2013 10:17 PM",,,"December 15, 2013 10:21 PM"
Chipotle Hollandaise,"January 26, 2013 1:17 PM",,,"January 26, 2013 1:17 PM"
Avocado Eggs Benedict,"January 26, 2013 1:16 PM",,,"January 26, 2013 1:16 PM"
Salsa,"February 22, 2012 6:51 PM",,,"February 22, 2012 6:51 PM"
Iced Tea + Grenadine,"November 6, 2011 5:47 PM",,,"November 6, 2011 5:47 PM"
German Pancakes,"September 10, 2011 10:20 PM",,,"March 25, 2015 6:31 PM"
Sugar Cookies,"August 25, 2011 11:32 AM",,,"June 30, 2013 6:59 PM"
Chocolate Chip Cookies,"August 25, 2011 11:30 AM","Baking, Cookies, Dessert",https://www.epicurious.com/recipes/member/views/americas-test-kitchen-chocolate-chip-cookies-5800472a65f91f073d177abf,"December 5, 2022 1:41 PM"